<?xml version="1.0" encoding="UTF-8" standalone="yes"?>
<addon id="repository.SeriedoChuck" name="Serie do Chuck" version="1.0" provider-name="TheKratoS">
    <extension point="xbmc.addon.repository" name="Nome Repository">
        <dir>
            <info compressed="false">https://raw.githubusercontent.com/The-KratoS/SeriedoChuck/master/zips/addons.xml</info>
            <checksum>https://raw.githubusercontent.com/The-KratoS/SeriedoChuck/master/zips/addons.xml.md5</checksum>
            <datadir zip="true">https://raw.githubusercontent.com/The-KratoS/SeriedoChuck/master/zips/</datadir>
        </dir>
    </extension>
    <extension point="xbmc.addon.metadata">
        <summary>Serie Chuck</summary>
        <description>Seriado Chuck</description>
        <disclaimer></disclaimer>
        <platform>all</platform>
        <assets>
            <icon>icon.png</icon>
            <fanart>fanart.jpg</fanart>
        </assets>
    </extension>
</addon>